Unnamed: 0;1;2;3;4;5;6;7;8;9;10;11;12;13;14;15;16;17;18;19;20;21;22;23;24;25;26;27;28;29;30;31;32;33;34;35;36;37;38;39;40;41;42;43;44;45;46;47;48;49;50;51;52;53;54;55;56;57;58;59;60;61;62;63;64;65;66;67;68;69;70;71;72
1;0.0;626.2066226129724;540.6732354163543;334.9335829928051;623.8339449283704;434.5792432610531;126.43481258815235;514.6503953223163;553.9271341020082;525.3855000478854;660.2108776260715;295.5422558290158;582.7137749639589;499.4741484238272;556.614072104375;620.6679054028482;267.509283348261;669.5726750934082;438.00522745334666;200.1577314106536;289.7050920967493;828.2692943318883;565.3497897771429;161.0105658051996;115.09785759207358;491.2628354508255;466.8715077679325;814.9965896904909;229.0916467063487;199.3899412905226;271.1001762495079;256.13847006795254;260.22796318029;215.55169494253315;360.0841223219277;470.1740801717507;242.61361305910623;142.1482973464806;241.3064866505188;200.3048197893912;446.8765871401552;434.1723806588421;434.61642748478977;414.3514116861976;393.419530179224;411.5821103926577;381.6266432592111;368.65418967339696;344.54307305559445;324.6774188549608;332.9333980071468;308.81256556261894;328.3240889880044;327.9138869924378;314.5499813655567;298.66065243162416;294.3941960058135;294.93909293369364;296.4827550728541;286.81403639895785;257.12420834779863;248.72921248514143;216.7912408913333;206.29786160873985;218.08201920331604;225.9619788157599;245.76008809012413;245.76008809012413;208.1324401905862;190.88780148207428;194.10315143887289;220.34894662377064
2;626.2066226129724;0.0;120.0312785195428;337.942079025994;60.36269963881785;199.61776860813657;707.0660355173378;457.5270823139156;222.56498250529404;577.0214935505676;407.81057691234514;376.563360204264;244.31174775597748;238.57603082093763;246.22349741553003;10.30857343421364;741.2276043070333;64.50656988141363;706.5778408080249;791.3530744252158;371.370654564135;459.6094425009413;453.4340856769556;619.1839504239933;735.2570234222196;388.3159445604636;337.07179394358894;453.5950967468888;712.3954144096101;818.379243992047;574.3546126743089;648.6766579570454;656.2699886961396;741.5927665842323;541.9331608184498;503.4588641957064;747.0944974096652;763.9370967735247;850.4270501003539;799.682165909962;565.2928528463688;550.739014320014;570.2400263673928;556.7543817158638;561.6083111324813;561.9191706621639;577.2116037796185;563.3011137793706;610.8758621115619;604.0436463963274;629.3431350191736;614.7190110306029;656.150484272059;656.7052953551661;645.9661867297475;644.0175134900065;651.4319980849766;658.1894203378364;668.6316424666898;673.0627752101866;657.1650382462856;677.2987383415884;755.8246092593033;754.3594841279319;767.3562576815796;777.973224358865;865.3442690945208;865.3442690945208;833.9886719226305;817.0131290466;819.5640380637236;845.7049503764237
3;540.6732354163543;120.0312785195428;0.0;300.7097763642319;162.70955277003966;107.64959940420748;634.6977229039564;482.1960193595568;273.33377297922243;593.7431982383557;473.9849541817506;331.7547051270972;149.23651505193874;120.61266977775163;141.994464311366;110.18865245211194;691.0081773361348;183.9796354054408;692.3376536127878;719.6899137152741;322.09869550365295;555.5911130800235;491.1356836699836;559.8108977772627;653.7033257204828;271.5260390633311;218.2233511719872;547.8439662756896;603.0360407040324;725.1337974520598;459.4114000871328;535.3904750228637;542.8394788396944;635.0478441756599;422.6328943918886;384.6414458884244;638.202018384282;681.8446511642751;753.3187369392311;726.0329172973941;445.4883426066327;430.8147181698407;450.27731506684734;436.7232599556448;441.7063185445596;441.8932040689339;457.52474040806027;443.8368292838658;492.3857884664504;486.2918049634792;511.4731851663255;497.8064703281289;538.8140332003184;539.3954697428231;529.1363272324609;527.9902950680884;535.7581653678037;542.5981178521256;553.143532410381;558.2397768228294;543.9684421486648;565.1708134748362;650.122625480109;649.7534323657353;662.4134654839264;672.9937090524132;771.6699373535088;771.6699373535088;745.4388066691873;729.3237826065268;734.6349493598117;760.8796775035605
4;334.9335829928051;337.942079025994;300.7097763642319;0.0;315.7861660328504;208.1232353751498;385.3277180427524;251.3930032198854;219.11666743243364;331.89396939860785;348.4781289406488;41.91516662835963;416.4481354083628;338.4314844794239;395.86661896012265;336.03275075897574;403.3700088720127;363.8211823230947;394.1189843261084;466.4352863811942;45.25988145149001;504.9681293678728;287.55986526286097;286.0159756702876;427.63297717620543;434.0870215697;379.3536038895794;492.3123143419273;500.9807600236404;534.0439110928099;423.48155932319446;471.2215614173849;478.758612329811;512.2346871953196;452.6159289027655;495.9468050831999;529.3783556993042;456.0859026986147;575.9158974910139;477.0650449812765;522.0878661933913;504.6710496354046;517.9381860830412;496.571186610971;487.1470786312174;498.4007007067525;490.8845038850822;473.3168881738699;492.75616448128784;476.618445648148;499.0825049678088;475.3282425832272;514.9160122577035;515.0693412622051;500.4883784857972;490.5366303774984;493.4181309770758;498.3877816703907;506.3554105008034;504.2827167488791;477.7735471253086;487.4797281149437;521.0927532914826;514.7435317084604;528.1198111205028;538.0129587968382;579.954825484055;579.954825484055;536.9358130283192;518.6880970024148;515.1520525460519;540.1440031557796
5;623.8339449283704;60.36269963881785;162.70955277003966;315.7861660328504;0.0;216.8768006695291;695.5678204123283;406.9500810900845;169.1626508611281;527.6762696454302;348.29400701867075;356.5450487808177;299.52997011441425;283.2543466197713;298.8364512481998;68.78776935675276;717.3767280004298;48.04868291942805;667.0507344533742;778.7158888767005;353.7924712348829;401.0982792271179;399.1967284783026;601.3648888139751;729.1784800883687;434.1978237586063;380.1236090241854;394.6817240640741;728.6237388275063;819.803470965919;598.2854650695728;669.8700032396312;677.5990059310932;754.764766899098;574.4605216282938;546.1717023350075;762.6166345032366;757.9718523669513;854.655808931527;788.1647219930609;604.8462370861433;589.5746347045891;608.6857506096002;593.810741361408;596.7872323510051;598.6382741976358;611.0723703322707;596.2938400950547;640.807222274142;632.4006593224673;657.8062354383906;641.4461413242998;683.4261146296901;683.9279820615817;672.3744013744828;669.102423875741;675.9239703494768;682.517067719301;692.7447550708956;696.1750822234465;678.1894226687502;696.8767806859983;768.093324708904;765.6050357477825;778.8355025615897;789.4234161350312;866.8120206717858;866.8120206717858;831.8982197994227;814.4298691192869;815.0719613421439;840.9721552993614
6;434.5792432610531;199.61776860813657;107.64959940420748;208.1232353751498;216.8768006695291;0.0;527.052275665181;423.4096061645447;256.328014291212;525.0225537657464;452.7566922587738;233.37410553702367;208.7848148196892;135.5736162981854;189.38424353623503;192.2876519789664;586.1953722720028;254.4179901440508;602.0786541877368;612.0451843425739;221.891785589066;564.8203392804454;442.72895166699647;453.4485194436541;546.9174897925735;262.3115749852383;203.2526118814111;555.0369119245735;513.7542150100548;622.1617602131405;381.5412883668937;453.0953348457473;460.8092441153986;542.1219737796071;363.6379537722805;356.4876706858742;548.213659821685;575.1919639418551;652.4670930201369;618.4447363099666;405.4224056413851;388.9326658961124;406.8506684285012;389.5819590373396;389.34609468939885;393.72001253897866;401.54787323827657;385.8063028711815;426.8461534718151;417.34262542867606;442.722191859211;425.48500759036057;467.6191058516371;468.0949389100659;456.2166804600024;452.5287459579828;459.2154771683354;465.7752417391608;475.9644065469071;479.3055593540227;461.4439889470849;480.47479503486016;556.2512856273092;554.7417641691472;567.7421847413052;578.3591750425762;668.9573855705795;668.9573855705795;640.5778582467706;624.1574460117637;628.6792149219104;654.9263259367182
7;126.43481258815235;707.0660355173378;634.6977229039564;385.3277180427524;695.5678204123283;527.052275665181;0.0;506.9348816301936;598.9375383177103;487.9786402779766;669.1606885705773;343.41270285390914;693.5706385089884;608.6818822019037;667.7112717221878;702.8502294011703;155.67346526301748;743.0080150583284;358.61112029566874;84.9937767332015;343.31873917189154;842.5020277037685;559.840487718705;115.2941112542176;72.01280249495974;613.6749923945591;585.5670537266933;828.8459717913194;327.3442284555648;201.0117981940717;395.6853323398168;371.9366691771159;374.852662752145;299.77070102972664;486.15456448964017;596.5345868841164;330.26123005175657;90.23479182085244;252.26904784100924;92.6799225932156;572.710023937204;560.2669893250652;560.2338972794593;540.2273431142851;519.0532337382548;537.3028240234703;506.5887295031225;494.10543165837976;466.99670398311423;447.39569215703534;453.47935424839005;430.3444486052709;445.6197144374125;445.1214783257054;432.6927271877044;416.5628057160396;411.11098422954126;410.6588660221519;410.59267666268886;399.6683533274708;371.4575711818765;358.5162360260198;294.15948315673097;281.27286909231555;289.34912505081;293.6597724927587;235.38898767052112;235.38898767052112;178.11362323012915;160.49933188575142;146.07289830883232;166.635072572142
8;514.6503953223163;457.5270823139156;482.1960193595568;251.3930032198854;406.9500810900845;423.4096061645447;506.9348816301936;0.0;238.2120632104158;121.48632409354234;172.80869637567676;264.25692450952414;623.8095172757041;558.6368403174937;608.4185948523093;461.3429782936191;440.28571032413066;446.4086346790757;296.4498440624456;567.3156225580487;279.2840744229153;345.277286138725;52.99976344416103;391.8427638275022;570.7585129602131;675.4827427728713;618.1094338465996;331.5797226146112;720.2575229052301;696.680448665042;667.0010427633514;705.5431262028219;712.6514252525474;721.3207932858495;703.1013779726751;745.8223220410771;743.6480362993074;595.0426284878614;745.4318744898274;582.8258588719864;773.4802742736521;756.0623932692238;769.2798416334455;747.8496436413052;738.0210495103482;749.5891135797708;741.027036266465;723.4568140380175;739.4592466126477;722.3712425803102;743.635714288571;719.0038317125449;756.7672083091634;756.8282695142852;741.9499102603016;730.5473122814685;732.1738242960367;736.455853249618;743.3957067579848;739.5543713936779;711.1177677309049;716.6618510549596;726.3164257297076;717.3617325741759;729.966616905272;738.6517663193298;737.3473284293756;737.3473284293756;683.3437476861244;665.133753890384;652.8442787955277;673.4073949228584
9;553.9271341020082;222.56498250529404;273.33377297922243;219.11666743243364;169.1626508611281;256.328014291212;598.9375383177103;238.2120632104158;0.0;359.3795278654911;201.3390409441668;259.62237351542484;422.4503371892745;375.916116707425;413.0178248158787;227.6134991438871;590.4507734268863;208.36730496880065;509.8301135758865;676.9125123020825;264.26318639171853;312.70425882551245;230.8794710178447;492.1955034402212;645.38286738999;516.8724580788581;457.98736792606326;301.96455080621286;706.0285445078804;753.1349691369909;603.9291259420328;664.0481833435897;671.8477662195337;722.5044086206708;607.1446163570973;612.4032527203295;736.8005827634558;673.5955309561003;794.625924264492;688.902258553976;658.1593326510775;641.2397678498712;658.2640653947915;639.6191292826259;636.5575098032875;643.1605779038459;646.0767021530341;629.3084993951211;662.3848873271706;649.5748144728523;674.1839901537966;653.3009658144242;695.1554922241538;695.4773246415829;681.935763946067;674.8343215542836;679.6018446048174;685.4345061137258;694.6125200154721;694.9325558017687;671.5188887258743;685.2087073676626;732.8273119830274;727.5342902314667;740.994266784754;751.168085512654;799.0714922249009;799.0714922249009;755.6126574576283;737.2996339404211;732.9571824675671;757.6033321019395
10;525.3855000478854;577.0214935505676;593.7431982383557;331.89396939860785;527.6762696454302;525.0225537657464;487.9786402779766;121.48632409354234;359.3795278654911;0.0;266.68075138906187;331.0729653530685;730.656022662627;660.4073901186998;713.4462841038822;580.4060269194946;387.8159922751462;567.7044032609859;200.9315013448713;533.3371885720388;347.0782713488844;424.55971404375566;147.82257496225995;379.1022225480913;557.6861768541676;765.84049481615;710.4764091536656;411.5244989499366;746.658787932579;687.2855664527176;718.4623664525067;745.5845136446898;752.0882712965914;740.0242446272835;767.5036132672235;824.57199154579;765.485134403185;578.2121257850197;738.027890148375;550.1462486732486;844.024089945435;826.8507762974217;838.1082677110103;816.0816393771511;803.6627292284808;817.0075195422398;803.7842462853816;786.4191012081278;794.4477935165767;776.0405861715163;795.081804388192;769.6218753212024;804.2234517291308;804.1634226200212;789.1801146467093;776.214455198439;776.3388520701856;779.750458795273;785.4045027682324;779.7618492695639;750.0505352236861;751.5269928216923;742.1238452823127;731.6720222939265;743.3243528233128;750.9012772941809;723.3635103566404;723.3635103566404;665.6648575702523;648.342053441771;632.0643486890878;649.306349981208
11;660.2108776260715;407.81057691234514;473.9849541817506;348.4781289406488;348.29400701867075;452.7566922587738;669.1606885705773;172.80869637567676;201.3390409441668;266.68075138906187;0.0;377.472781332294;623.2207128296088;576.7326954501435;614.2831618489478;414.9375099747186;612.3766391531691;373.53710365717785;462.1604928481344;734.3850976802859;389.03234838395167;174.14199372960582;124.20229396573905;554.0422992996162;729.1349311985707;714.9645775819641;655.9086278085391;160.40803394625777;847.5868786179507;851.1182198137369;769.1507870606101;819.6084811884349;827.1701586631259;855.4372374177609;786.7869000335161;805.0897699957148;874.5884551132312;754.8757951196301;898.0344524774571;749.3132170643903;845.5699312438497;828.3111427703109;844.1808826183642;824.3407858858133;818.7225636122915;827.2626277362731;825.8169795792336;808.5195524228146;834.8510547002384;819.9715684095111;843.4008439128207;820.5131584086932;861.020757542;861.2241477190132;846.8750236823497;837.6196936842556;840.9269286002846;846.0794456020586;854.2767106757619;852.5211051191786;826.2179350444924;835.8563124583262;862.7381701476122;855.1735428912565;868.2917650988843;877.6896258305032;893.8490061763642;893.8490061763642;842.4163852167392;823.9847264662478;813.776599978485;835.6198015640642
12;295.5422558290158;376.563360204264;331.7547051270972;41.91516662835963;356.5450487808177;233.37410553702367;343.41270285390914;264.25692450952414;259.62237351542484;331.0729653530685;377.472781332294;0.0;438.8314655959408;357.8404711050049;416.94318599106094;374.176848691452;364.98964582577565;404.5303014163395;371.42933775122754;424.59596138954527;16.007609946674354;538.5223424394861;305.5127897668372;244.84216832006163;386.213402240834;441.1318217710238;388.89462939042585;525.6195199245573;470.1191289297456;494.1799231472109;403.1654017029537;445.6754525118345;453.04042078491136;478.8393642367174;440.43458035262535;493.58652864485936;497.29058695536713;414.5980411769592;536.8152418665007;435.1681672467308;514.1188787775136;496.8335079067813;508.85436749386696;487.04628865680576;475.9294677058149;488.3580836121108;477.8861660993773;460.34405029778713;475.2036471687496;458.1733690863432;479.6414654282087;455.1897581985336;493.5544667753424;493.6480684817227;478.8544503362624;467.9942451442121;470.16373676362633;474.7699822592011;482.2195388619844;479.2743833640488;451.8070450525201;459.8368338956926;486.9091926812577;480.01017194149983;493.2996429982948;503.0093697302663;539.8404645375584;539.8404645375584;496.00362272798776;477.7049352296568;473.7693055804037;498.6590747793728
13;582.7137749639589;244.31174775597748;149.23651505193874;416.4481354083628;299.52997011441425;208.7848148196892;693.5706385089884;623.8095172757041;422.4503371892745;730.656022662627;623.2207128296088;438.8314655959408;0.0;85.6288569008204;26.12733975429997;234.214405920408;775.9608603439018;306.1501384142848;809.6330569886172;776.8424244931102;426.0070406986457;699.6492363412023;636.5342635642014;638.6462838607181;697.7062375512071;169.80899664589083;141.46992331826934;692.6048362115473;586.7922437234648;745.3266876477923;428.7027697086968;507.7812679519457;514.2711719731315;626.2475233423862;364.1036890296674;288.41918766306753;622.1237278526814;723.9840352625114;764.4820616473401;780.1002104359522;358.4486343823164;347.3885725893494;367.2202286576058;359.81148652461263;371.62748460083145;365.93780286369537;391.2968497636975;381.8341470078355;438.0329459409354;437.9264437864746;461.00152306178296;454.2898550926087;490.7047341228922;491.43084801729646;484.5745049719385;487.9776403675015;497.2207881921994;504.1651474761116;514.7580812226859;522.8351144852445;516.3152587445145;540.7691080373411;643.1888582557526;645.8721189065852;657.1619509832472;667.279378949204;789.665121509769;789.665121509769;774.2058415617763;760.1547089103661;770.2728706724761;795.9620195662848
14;499.4741484238272;238.57603082093763;120.61266977775163;338.4314844794239;283.2543466197713;135.5736162981854;608.6818822019037;558.6368403174937;375.916116707425;660.4073901186998;576.7326954501435;357.8404711050049;85.6288569008204;0.0;60.78870154207329;228.4003731046667;690.4887465905066;303.0571413793795;729.2626849855569;692.2422754521842;344.3867158713025;671.3493857262274;576.3079248403851;553.0597294765166;614.5676964557662;150.94480865534214;98.63757583358536;662.9621006744903;519.1053051239353;667.0759969156127;365.4149273498811;444.0462304761924;451.0149833704603;556.0876762720953;314.28397356414945;264.894655477335;554.6204901303416;641.2059771592744;688.6876475999694;695.8298216036528;327.93583422511904;314.0223453873488;333.7674185994761;321.8408904741528;329.14257402375574;327.36616237559394;346.56466599798574;334.3583958167852;386.7695114788036;383.39204549858977;407.8532531646174;397.4317520180058;436.5973111733411;437.2543764709554;428.57184679498255;429.74205854023256;438.36358953893966;445.3254867124715;455.9954501104422;462.7387718161792;452.6816734570145;475.9777882874414;572.4799823538644;574.1374101891214;585.9568231130833;596.2901331427663;712.1266336830062;712.1266336830062;694.078194056885;679.5487678507553;688.7512594315867;714.6165125769022
15;556.614072104375;246.22349741553003;141.994464311366;395.86661896012265;298.8364512481998;189.38424353623503;667.7112717221878;608.4185948523093;413.0178248158787;713.4462841038822;614.2831618489478;416.94318599106094;26.12733975429997;60.78870154207329;0.0;235.96061929636065;751.2126433170225;309.5201665987905;788.1678412823148;750.9012908161595;403.8069753953533;696.7083082816976;622.9301468659592;613.6795543697372;671.5977103766205;153.3659043424257;119.09509035317822;689.2284696287869;562.3138383024892;719.4290179876425;404.8223233171071;483.92284796103166;490.50570634350856;601.3879885477307;342.65067741535137;272.56717710949164;597.6974164006621;697.8624849345925;738.8588835191998;754.0960163241908;341.3258359431134;329.5230263337569;349.431161874642;340.9295721439201;351.7745683853228;346.94495011148604;371.01957403272473;360.9325831849428;416.4895969406076;415.71357567090126;439.1168620469768;431.6477235690123;468.6771467363134;469.3903351798154;462.15323500331056;465.12148804347567;474.25744464093225;481.2146721401975;491.8365236894772;499.6667302009416;492.4839711322888;516.7550242447185;618.2507991485563;620.7785558380591;632.1528858718111;642.3073843168601;763.8442037664462;763.8442037664462;748.1576377116813;734.0774207794707;744.1574228627375;769.8527120288725
16;620.6679054028482;10.30857343421364;110.18865245211194;336.03275075897574;68.78776935675276;192.2876519789664;702.8502294011703;461.3429782936191;227.6134991438871;580.4060269194946;414.9375099747186;374.176848691452;234.214405920408;228.4003731046667;235.96061929636065;0.0;739.0686694321364;74.74510171914217;707.5274165674373;787.2688875769925;368.5806055205295;468.99888803764526;458.3291825162032;616.0668900749165;730.1904701240816;378.0548338430928;326.9272777825885;462.8675218994782;704.3929869254098;812.1948597463661;565.587560422278;640.1572659561045;647.7331621737923;733.9338550256688;532.3981289076446;493.2923118038228;739.158958057361;758.8376903644961;843.8510148748588;795.4160079431265;555.2708642133192;540.7606503941232;560.2807929013035;546.8848107476838;551.8658499108973;552.0705166466025;567.5615605842106;553.7219704307837;601.5326939194837;594.8412653841831;620.1224372955919;605.6623721298135;647.0284469279085;647.5879372004345;636.9280876520226;635.1064366095327;642.5760148608077;649.3470903756225;659.8066724996156;664.336057180297;648.6598417425427;668.9394163910382;748.2678935956823;746.9273421733341;759.8903464643329;770.5066503457449;859.1351033904227;859.1351033904227;828.2900393884563;811.3925201897353;814.2193056688996;840.38398365734
17;267.509283348261;741.2276043070333;691.0081773361348;403.3700088720127;717.3767280004298;586.1953722720028;155.67346526301748;440.28571032413066;590.4507734268863;387.8159922751462;612.3766391531691;364.98964582577565;775.9608603439018;690.4887465905066;751.2126433170225;739.0686694321364;0.0;765.3599216268105;221.0189333460028;157.71277877483834;371.65764138917234;785.5552666365602;491.9697840333336;138.7049723566185;222.26676132236173;723.3391992740133;686.5472066780998;771.8517130628344;482.4698992709325;341.6578313095255;537.0431471005709;522.3054269909051;525.8515274580353;455.42204060558623;621.9428557004052;724.2036349438425;485.93292378346223;230.14640719516768;391.9440802814989;175.0675324151526;709.1925590083382;695.3679045334684;697.7288432267216;676.6909299245871;656.7079819245226;674.4948426796855;646.4866636130574;632.5767186224303;611.7244914550824;591.7890628465027;600.4426594082614;576.2631012224994;595.2475883641275;594.8078014395735;581.7022654845243;565.7206521362625;561.0472846055267;561.1870038606429;561.9651420248167;551.5801058305568;522.5874898783475;511.4101982192494;449.5204442429833;436.542605611281;444.19959558756113;448.0182268778092;366.06351243639;366.06351243639;306.0358271530389;291.8455286466292;269.7085183807291;280.1485081453677
18;669.5726750934082;64.50656988141363;183.9796354054408;363.8211823230947;48.04868291942805;254.4179901440508;743.0080150583284;446.4086346790757;208.36730496880065;567.7044032609859;373.53710365717785;404.5303014163395;306.1501384142848;303.0571413793795;309.5201665987905;74.74510171914217;765.3599216268105;0.0;712.1195325826419;826.3167989376333;401.6333591023289;406.2363315446648;434.9690422833447;649.328402290007;775.7776354310051;452.7961446960636;401.5098423193284;401.30787729124046;768.0705817593393;864.7030289322753;633.7147307895025;706.8471997898546;714.5124790231295;795.5627288900571;604.4896888111261;567.9222007047913;802.4076999018599;804.5638133478284;898.7547909195271;835.6390211737681;629.4581708187326;614.7888416983933;634.2335009618198;620.4790257685931;624.9099415062436;625.5760865474573;640.1801435704658;626.0136118809513;672.6478489851235;665.2432782177035;690.6033360618597;675.2981145348184;716.9802884363922;717.5148836865525;706.4439174131522;703.9458533789697;711.1125603753469;717.8043465380719;728.1614918501658;732.1503285905377;715.2619109200058;734.7009514450651;809.2720965093877;807.1900772292169;820.3379251537317;830.9446619075858;911.723685678694;911.723685678694;877.7014638832526;860.3390998868156;861.397654485569;887.3583141531514
19;438.00522745334666;706.5778408080249;692.3376536127878;394.1189843261084;667.0507344533742;602.0786541877368;358.61112029566874;296.4498440624456;509.8301135758865;200.9315013448713;462.1604928481344;371.42933775122754;809.6330569886172;729.2626849855569;788.1678412823148;707.5274165674373;221.0189333460028;712.1195325826419;0.0;378.4151958642181;385.15428743652734;624.9393379471285;338.5612594213318;277.0345835238432;430.33599329979546;802.9328871719791;754.7315477279824;611.7764360774144;666.7702571447055;556.6546183605799;682.4555351246613;688.2392403952205;693.3538870751845;648.2969838442557;752.1379994980808;834.3993826338849;677.3314022821495;443.7946934326803;607.735596768738;395.80453590534495;836.6877561152364;820.7443681328373;827.7156737579538;805.540867685236;788.7918800140584;804.8709664786627;783.5090060030806;767.387665375083;760.4606473897128;740.6461584926577;754.7611241067316;729.168493326937;756.4622349827113;756.1949594692809;741.78064984999;726.7854015545174;724.3202370173838;726.0628595747556;729.2327429228209;720.8309311914014;690.5820088628325;685.1830211307444;645.7828867536656;633.5853562910795;643.1539543834967;648.6505386535246;584.6957439073907;584.6957439073907;524.7131872043745;509.5174484086269;488.698966101821;500.6079867157665
20;200.1577314106536;791.3530744252158;719.6899137152741;466.4352863811942;778.7158888767005;612.0451843425739;84.9937767332015;567.3156225580487;676.9125123020825;533.3371885720388;734.3850976802859;424.59596138954527;776.8424244931102;692.2422754521842;750.9012908161595;787.2688875769925;157.71277877483834;826.3167989376333;378.4151958642181;0.0;425.4846307326595;908.4640921643564;620.257333977365;185.38089497728728;98.72875382984928;691.4007727874008;665.863072216512;894.7416556223338;365.5627243819628;190.6887388114432;458.3915822680572;423.43721739612175;425.0715126058205;329.754628076044;552.1656376748421;666.6873864367702;360.48757226718976;89.75903415926251;238.89945682244883;17.393263074066716;637.243969895552;625.9676746582576;624.0841240973083;605.1027272127448;583.2149330175878;601.6355676498289;568.9768053990407;557.8901535261963;524.9713249771313;506.0533598000965;508.83962285464986;487.4499672727916;497.0394465441606;496.4484666851175;485.36016879129176;469.274037849724;462.59580571678816;461.0663354317628;459.3115724597109;447.4130550645838;421.48641391912753;404.7098376175304;319.9484459843308;306.65341236370926;311.4912666655092;313.01523729760146;209.8212234762772;209.8212234762772;150.2127761338243;137.8280565094741;113.87275811045154;122.462735605199
21;289.7050920967493;371.370654564135;322.09869550365295;45.25988145149001;353.7924712348829;221.891785589066;343.31873917189154;279.2840744229153;264.26318639171853;347.0782713488844;389.03234838395167;16.007609946674354;426.0070406986457;344.3867158713025;403.8069753953533;368.5806055205295;371.65764138917234;401.6333591023289;385.15428743652734;425.4846307326595;0.0;548.2985310856477;319.8020969454772;248.16824357641096;383.538330686644;425.6089291193185;373.6758595534392;535.5102263736436;458.7801142251081;488.8718203098091;388.7054399572568;432.486859896472;439.9050722673357;468.6711540758889;424.83922101691206;477.5801796227908;486.49696516167865;412.0923889939079;530.656950540048;435.5360540402438;498.24032030051126;480.9457696891757;493.0374802066216;471.2532126022139;460.25987837651394;472.600743628342;462.3831829379118;444.8327597262149;460.29225070257024;443.4010752332649;465.0550122412388;440.7238124761276;479.3544421767365;479.46080318262784;464.7063637476698;454.0443543157607;456.38365335397424;461.0815581600313;468.66612955039966;465.9521047485957;438.7433262580992;447.2991345844025;477.159928899832;470.5676698996954;483.9108526136136;493.730375676331;534.8436033529172;534.8436033529172;492.2525748786117;474.0513027231005;470.9647055438158;496.1126607021573
22;828.2692943318883;459.6094425009413;555.5911130800235;504.9681293678728;401.0982792271179;564.8203392804454;842.5020277037685;345.277286138725;312.70425882551245;424.55971404375566;174.14199372960582;538.5223424394861;699.6492363412023;671.3493857262274;696.7083082816976;468.99888803764526;785.5552666365602;406.2363315446648;624.9393379471285;908.4640921643564;548.2985310856477;0.0;294.1440126649603;727.558282411785;901.371506421264;819.1090614901443;761.2677228685778;13.737842785916794;1005.6667530869036;1021.740444020468;914.0687964994972;970.6889835297084;978.4119893098122;1016.9642151415962;919.848645255962;920.9126581708648;1034.3419176672617;927.48304780537;1067.824377687754;923.3308762103688;969.4981193423528;952.7410050908312;970.0894665973144;951.774807068488;949.118479358213;955.4356586453152;958.7762312579692;942.0125091237402;974.4754819299364;961.2346137074798;985.618888302019;964.1713402721756;1005.7358669786192;1006.0232954842448;992.2030257056756;984.3724352372756;988.6327260278742;994.2302086152785;1003.0613673006592;1002.5493424614702;977.802967559634;989.6306172614692;1025.3656673806877;1018.5324293982484;1031.818377204102;1041.5065318710651;1065.1271621404123;1065.1271621404123;1014.6505133035806;996.18049389667;986.6016126679352;1008.7606255475008
23;565.3497897771429;453.4340856769556;491.1356836699836;287.55986526286097;399.1967284783026;442.72895166699647;559.840487718705;52.99976344416103;230.8794710178447;147.82257496225995;124.20229396573905;305.5127897668372;636.5342635642014;576.3079248403851;622.9301468659592;458.3291825162032;491.9697840333336;434.9690422833447;338.5612594213318;620.257333977365;319.8020969454772;294.1440126649603;0.0;444.7007038149394;623.3817756185153;700.2218933857973;641.9928248886489;280.5077386789323;767.7382987499034;748.933055667001;708.5060810502507;750.0307625441027;757.2626692496278;770.1998051137434;740.0473149219096;776.4297350323136;791.9218662094177;647.8082826181785;797.4789115297319;635.7954303094873;807.6490628738593;790.2077841190755;804.1764659392543;783.0856385156945;774.3239506058434;785.1425407408525;778.40229716424;760.83863484137;779.5251342783477;762.9338048470673;784.7998421097425;760.5225902206549;799.0626494370704;799.158220305907;784.3672291345729;773.4496304298619;775.4816690667343;779.9813767138065;787.235252461764;783.8719316904369;755.8597628278862;762.3522524265724;775.6541190596973;766.9530518033941;779.6715872341084;788.5006864468611;789.853279975116;789.853279975116;736.0755268048134;717.8405942005935;705.7074531487604;726.3456060825285
24;161.0105658051996;619.1839504239933;559.8108977772627;286.0159756702876;601.3648888139751;453.4485194436541;115.2941112542176;391.8427638275022;492.1955034402212;379.1022225480913;554.0422992996162;244.84216832006163;638.6462838607181;553.0597294765166;613.6795543697372;616.0668900749165;138.7049723566185;649.328402290007;277.0345835238432;185.38089497728728;248.16824357641096;727.558282411785;444.7007038149394;0.0;180.2739192514301;585.28959043174;547.8838068804464;713.8859993655159;389.9924082433973;308.9674822141948;415.025526888656;413.0496874371116;417.8201376103242;373.6301235072096;494.00390559430616;590.9063036846615;401.92229503622497;203.4328502295611;359.3387148398721;198.49123421306464;580.8964624608444;566.2521369181492;570.2603800028933;548.664876198008;529.7524968195623;547.0155199671717;521.4664756193145;506.5267815365099;492.0708776816746;472.05216179152507;483.86750793441;458.6825356669635;483.0238881613621;482.6986266432592;468.6363744481248;453.2214437218569;450.0573526530856;451.354328600923;453.9267882060682;445.0447853387839;414.92561648497417;408.52670929186144;372.6153951731339;360.99921775126273;371.52954484371577;378.03804234560505;347.18398774452686;347.18398774452686;291.8224950941324;273.7585381854969;261.00683801639684;281.9291408103217
25;115.09785759207358;735.2570234222196;653.7033257204828;427.63297717620543;729.1784800883687;546.9174897925735;72.01280249495974;570.7585129602131;645.38286738999;557.6861768541676;729.1349311985707;386.213402240834;697.7062375512071;614.5676964557662;671.5977103766205;730.1904701240816;222.26676132236173;775.7776354310051;430.33599329979546;98.72875382984928;383.538330686644;901.371506421264;623.3817756185153;180.2739192514301;0.0;601.7533016850361;580.0762499702231;887.8027915177001;269.65781247044714;129.76122075620418;360.5097903143663;324.83921441567725;326.5988292689945;237.0037568629683;454.9861388857544;570.9851006229194;267.84594260133827;28.794456374814565;180.844237379154;92.92743287300092;539.4736450183038;528.5413582995474;526.1643213426621;507.47075154286273;485.4298418992411;503.8649039421405;470.8199345000111;460.0538967657597;426.3090228285125;407.4533786866376;410.1118199078108;388.75939727209993;398.52355401247416;397.94151810554496;386.7279413170922;370.6278575907273;364.04001662812817;362.6213121303628;361.092642960211;349.331330543339;323.02985144451566;306.8128103859539;229.27860549118213;216.0878053559314;222.8565559346649;226.1459396791536;166.94306441662286;166.94306441662286;113.29273884903208;94.84982488681996;87.5761454124301;112.58476344801912
26;491.2628354508255;388.3159445604636;271.5260390633311;434.0870215697;434.1978237586063;262.3115749852383;613.6749923945591;675.4827427728713;516.8724580788581;765.84049481615;714.9645775819641;441.1318217710238;169.80899664589083;150.94480865534214;153.3659043424257;378.0548338430928;723.3391992740133;452.7961446960636;802.9328871719791;691.4007727874008;425.6089291193185;819.1090614901443;700.2218933857973;585.28959043174;601.7533016850361;0.0;59.06189996146511;810.2587134245094;443.106135183871;624.8862389350138;282.64809647149804;359.4159274792105;364.9595475558321;486.5241851752588;203.36050681702545;119.20183802438636;477.31349694050033;624.9827017198533;635.8445281277682;691.2170518274727;188.6396733470922;177.8279959504575;197.58587097219004;191.33021489562245;205.0379953135536;197.60143016852285;225.65850899234883;218.39745785813585;276.3447269493977;279.4722578527313;300.53395453112034;297.99713995522313;330.5375184365133;331.3167760113994;326.50303409998736;332.42045959781854;342.20150135158303;348.95187201801065;359.2007261730884;368.7856459446403;367.5365781831936;393.18161457649296;504.2573309738978;509.1520974327311;519.0138711859842;528.4552733071693;665.9830958226914;665.9830958226914;660.4851983094269;648.8117228344277;663.1183858828654;687.4211590356366
27;466.8715077679325;337.07179394358894;218.2233511719872;379.3536038895794;380.1236090241854;203.2526118814111;585.5670537266933;618.1094338465996;457.98736792606326;710.4764091536656;655.9086278085391;388.89462939042585;141.46992331826934;98.63757583358536;119.09509035317822;326.9272777825885;686.5472066780998;401.5098423193284;754.7315477279824;665.863072216512;373.6758595534392;761.2677228685778;641.9928248886489;547.8838068804464;580.0762499702231;59.06189996146511;0.0;752.2636398996874;447.2348962671458;615.098510569329;288.04166645183125;366.995871576348;373.35002462721945;487.936981373461;223.6495445977803;166.45361308767087;482.3795678280192;604.7655421916032;630.6891387684453;667.0516992100659;229.6350277326628;216.12965170940933;235.97752014483223;225.1874657078005;234.30501824600785;230.9450141004722;252.9339053998197;242.24937890121785;297.4352188432254;296.67493194148085;320.02244302915534;312.84325884481325;349.59814205548525;350.3135806164452;343.20876369449303;346.5077203162368;355.7576260479958;362.70016004823344;373.2901908682293;381.4209488971456;375.48302835650026;400.20799898091263;505.1818790622965;508.6049043823844;519.4535356714615;529.3813561021882;658.1050855630826;658.1050855630826;647.3516904016406;634.4523122392578;646.8042908417964;671.8634416859295
28;814.9965896904909;453.5950967468888;547.8439662756896;492.3123143419273;394.6817240640741;555.0369119245735;828.8459717913194;331.5797226146112;301.96455080621286;411.5244989499366;160.40803394625777;525.6195199245573;692.6048362115473;662.9621006744903;689.2284696287869;462.8675218994782;771.8517130628344;401.30787729124046;611.7764360774144;894.7416556223338;535.5102263736436;13.737842785916794;280.5077386789323;713.8859993655159;887.8027915177001;810.2587134245094;752.2636398996874;0.0;993.1263012277764;1008.2980920080912;902.425372723566;958.6342834034002;966.3482764912186;1004.180481533848;909.0389641254384;911.3245915250366;1021.6877645255062;913.8867419845132;1054.446498269033;909.6155713728732;959.3649073783246;942.5617710654914;959.815407056923;941.3814748415627;938.513599364039;944.992008401082;947.9951013924646;931.1847244799592;963.2303339360124;949.8680085881522;974.1949527369608;952.637124289943;994.1426688611818;994.4242406730016;980.5615638420662;972.6274749305888;976.8218922702708;982.3897737078346;991.1789039522612;990.5786625805098;965.7148698113776;977.391306328278;1012.5045310437208;1005.6179289302132;1018.893653463998;1028.5621970169095;1051.6371626243797;1051.6371626243797;1001.0855189647158;982.6179414768856;972.9896388310644;995.123643733428
29;229.0916467063487;712.3954144096101;603.0360407040324;500.9807600236404;728.6237388275063;513.7542150100548;327.3442284555648;720.2575229052301;706.0285445078804;746.658787932579;847.5868786179507;470.1191289297456;586.7922437234648;519.1053051239353;562.3138383024892;704.3929869254098;482.4698992709325;768.0705817593393;666.7702571447055;365.5627243819628;458.7801142251081;1005.6667530869036;767.7382987499034;389.9924082433973;269.65781247044714;443.106135183871;447.2348962671458;993.1263012277764;0.0;214.51597441347727;160.55634726793548;85.5089089468713;81.69547299454379;47.284702751148;248.1372494685032;368.7617745612151;35.51691716801208;276.24764241539026;206.04817317979143;355.5978148286117;315.40016618980314;310.2820260872542;300.66689933894816;288.0411228295173;265.658120849186;282.5943825328404;245.65699186869105;242.1793534491189;190.4149515013385;177.02482318085933;167.4525923537229;155.7168514287735;145.5184936174725;144.74771031042644;138.6212734398051;125.0512266482358;115.55265543213622;111.02235329944064;104.93873431261063;92.03081795872296;78.43855790800797;52.82343530700988;64.9799479904909;74.1322088225219;80.05769437865018;87.93929251825428;243.64860310951792;243.64860310951792;262.14233984260926;258.6825461652577;281.87968394447256;298.446884767843
30;199.3899412905226;818.379243992047;725.1337974520598;534.0439110928099;819.803470965919;622.1617602131405;201.0117981940717;696.680448665042;753.1349691369909;687.2855664527176;851.1182198137369;494.1799231472109;745.3266876477923;667.0759969156127;719.4290179876425;812.1948597463661;341.6578313095255;864.7030289322753;556.6546183605799;190.6887388114432;488.8718203098091;1021.740444020468;748.933055667001;308.9674822141948;129.76122075620418;624.8862389350138;615.098510569329;1008.2980920080912;214.51597441347727;0.0;352.47567659784363;292.69247493305335;291.27086159500334;169.10074245612475;448.182180091368;569.8292541574608;196.32891547900405;112.86631650396774;51.29409604730856;175.32496967809092;524.0318958037661;516.7290184815705;509.557529028757;494.50452964773297;471.7685972372222;489.6470299243945;453.3822660298388;446.9140299907319;400.6982137959959;384.88198212146864;379.3901627153255;363.86356493281335;359.57407494335695;358.8256750923734;351.4999731895311;336.8215509120494;327.9771761081983;324.22722268186425;319.0425462325585;306.1516876342205;287.6536669590588;264.5369599227943;153.87352962805633;141.99546394355832;141.04497351436152;138.44991055799417;47.02089065034353;47.02089065034353;50.05237736319413;54.37476249425672;80.23985930971548;88.20972843626465
31;271.1001762495079;574.3546126743089;459.4114000871328;423.48155932319446;598.2854650695728;381.5412883668937;395.6853323398168;667.0010427633514;603.9291259420328;718.4623664525067;769.1507870606101;403.1654017029537;428.7027697086968;365.4149273498811;404.8223233171071;565.587560422278;537.0431471005709;633.7147307895025;682.4555351246613;458.3915822680572;388.7054399572568;914.0687964994972;708.5060810502507;415.025526888656;360.5097903143663;282.64809647149804;288.04166645183125;902.425372723566;160.55634726793548;352.47567659784363;0.0;79.10052655371408;85.77200682039941;204.0778000134428;96.43120965380776;217.48108216700552;195.13030239781943;377.6767435733658;356.92720257372446;453.4168315485766;178.97144598313577;168.51390123527412;165.69424647662242;147.10309270114368;124.93044035400985;143.368147007789;110.9768525062088;99.54421460598896;78.06113294049864;58.46837654937975;76.84599791066728;52.02438720353495;91.92502147933142;92.15830613553236;78.13620488487919;71.4971449817405;77.69228464931243;84.2351974435402;94.48183544880304;98.83475687695162;87.66849517449326;112.1672036709146;221.91051341001983;227.46350330858823;236.79438149943005;246.04373669796385;389.99395164041965;389.99395164041965;393.58350278578894;384.8743873998155;403.3614242490341;425.1313768587379
32;256.13847006795254;648.6766579570454;535.3904750228637;471.2215614173849;669.8700032396312;453.0953348457473;371.9366691771159;705.5431262028219;664.0481833435897;745.5845136446898;819.6084811884349;445.6754525118345;507.7812679519457;444.0462304761924;483.92284796103166;640.1572659561045;522.3054269909051;706.8471997898546;688.2392403952205;423.43721739612175;432.486859896472;970.6889835297084;750.0307625441027;413.0496874371116;324.83921441567725;359.4159274792105;366.995871576348;958.6342834034002;85.5089089468713;292.69247493305335;79.10052655371408;0.0;7.831690297945527;131.90286155873318;162.63652896128718;283.36671898868764;118.28790946306904;337.1068145472036;289.665148083752;415.8566720055615;231.9441110389872;225.83610219494693;217.33388888564008;203.54393719838512;180.97668533628263;198.30468201036115;161.55425383617583;157.0539884360659;108.008098957393;92.70934137709804;87.51067975460971;71.4570861262165;73.87101443409537;73.33178807508317;61.97505245247129;46.001690253821344;39.29656501587845;38.88184032786339;41.00317670113804;34.21338286989334;8.641897575695566;33.77993435802696;149.86967715443186;157.58301334451804;165.0028330995731;173.3081664449256;325.7227579916644;325.7227579916644;337.7779208158062;331.7645366548832;352.9541844547928;372.2040246222909
33;260.22796318029;656.2699886961396;542.8394788396944;478.758612329811;677.5990059310932;460.8092441153986;374.852662752145;712.6514252525474;671.8477662195337;752.0882712965914;827.1701586631259;453.04042078491136;514.2711719731315;451.0149833704603;490.50570634350856;647.7331621737923;525.8515274580353;714.5124790231295;693.3538870751845;425.0715126058205;439.9050722673357;978.4119893098122;757.2626692496278;417.8201376103242;326.5988292689945;364.9595475558321;373.35002462721945;966.3482764912186;81.69547299454379;291.27086159500334;85.77200682039941;7.831690297945527;0.0;128.5960755584315;166.96806441742302;287.13669600235824;113.49453328350052;338.25873471009703;286.9128326398953;417.2059424404634;234.3215654630789;228.7398590063611;219.64524045527244;206.47356339832763;184.0264403859772;201.1021171640957;164.2199120366242;160.48582838447626;109.74159927045936;95.4430126056498;88.17395091926217;74.11762635859044;71.99544958056806;71.39130151615797;61.23880985246219;45.79240170893529;37.818634903349775;36.04064211027333;36.25530776391778;27.823554795599627;3.6718608031569424;29.023781865636405;146.48961822944165;154.70548201743003;161.6128440515352;169.63471873407929;323.46366668621494;323.46366668621494;336.87901030179086;331.2754174087337;352.8007875126807;371.660782094846
34;215.55169494253315;741.5927665842323;635.0478441756599;512.2346871953196;754.764766899098;542.1219737796071;299.77070102972664;721.3207932858495;722.5044086206708;740.0242446272835;855.4372374177609;478.8393642367174;626.2475233423862;556.0876762720953;601.3879885477307;733.9338550256688;455.42204060558623;795.5627288900571;648.2969838442557;329.754628076044;468.6711540758889;1016.9642151415962;770.1998051137434;373.6301235072096;237.0037568629683;486.5241851752588;487.936981373461;1004.180481533848;47.284702751148;169.10074245612475;204.0778000134428;131.90286155873318;128.5960755584315;0.0;294.15212782862346;415.2363875106967;30.853400289706418;239.9959857580273;158.76563796671215;318.5723145971831;362.6242484193629;357.32931120925133;347.8995902631016;335.0674548592864;312.6177670355675;329.6737599877984;292.7621198872709;288.9208539562876;237.668857582786;224.03433163051923;214.7329723040327;202.71048686951147;192.4202390353753;191.6374530533094;185.857701620746;172.33244108919135;162.83432695393287;158.246959097351;151.8975501055907;139.01466198196326;125.23833837086916;99.9429612894685;17.99349939452419;27.264444215629744;33.1124975606699;41.967523415499;196.59081229528024;196.59081229528024;217.6697609014417;215.57818380026333;239.6452918032313;254.67885525725683
35;360.0841223219277;541.9331608184498;422.6328943918886;452.6159289027655;574.4605216282938;363.6379537722805;486.15456448964017;703.1013779726751;607.1446163570973;767.5036132672235;786.7869000335161;440.43458035262535;364.1036890296674;314.28397356414945;342.65067741535137;532.3981289076446;621.9428557004052;604.4896888111261;752.1379994980808;552.1656376748421;424.83922101691206;919.848645255962;740.0473149219096;494.00390559430616;454.9861388857544;203.36050681702545;223.6495445977803;909.0389641254384;248.1372494685032;448.182180091368;96.43120965380776;162.63652896128718;166.96806441742302;294.15212782862346;0.0;121.82640231061325;280.43990195633336;473.0726349677236;450.3367595412948;547.8909598588968;87.24978745720068;74.11347730662968;76.27433029980673;54.770689519254105;36.762518468676745;53.06858062670486;39.06846117957679;22.243237659577296;73.93536456163649;76.28148664576086;97.41438107879156;95.70533878479972;127.3838349637396;128.14810172193964;123.21285721792808;130.05561884895388;140.0227572398404;146.57997046179906;156.55825230396093;166.8397332499308;169.99467488390854;195.9525700834941;312.1456167912711;319.1085414997821;327.25442117522;335.804321049616;484.6438838108648;484.6438838108648;489.8671762625247;481.2905121380258;499.765692968291;521.5593303402158
36;470.1740801717507;503.4588641957064;384.6414458884244;495.9468050831999;546.1717023350075;356.4876706858742;596.5345868841164;745.8223220410771;612.4032527203295;824.57199154579;805.0897699957148;493.58652864485936;288.41918766306753;264.894655477335;272.56717710949164;493.2923118038228;724.2036349438425;567.9222007047913;834.3993826338849;666.6873864367702;477.5801796227908;920.9126581708648;776.4297350323136;590.9063036846615;570.9851006229194;119.20183802438636;166.45361308767087;911.3245915250366;368.7617745612151;569.8292541574608;217.48108216700552;283.36671898868764;287.13669600235824;415.2363875106967;121.82640231061325;0.0;400.07066265330974;590.5317137590232;572.028802502896;663.5346856389382;72.15507841279126;65.80477589169968;83.71565036837822;85.23486911725168;105.3738857211488;91.5804142924251;126.84612013049608;126.92116129156965;183.09597389748663;192.7007249133292;208.0726311101036;213.70608161480712;236.86145098362715;237.6986469272101;236.9007695362158;246.8355210613873;256.88927049750714;262.90645546897724;272.0090156329696;283.49266079656707;290.33510631151444;316.1442061744533;433.2164141883177;440.5333341600586;448.3465903065996;456.65721662738775;606.4699767647838;606.4699767647838;610.9876679098046;601.9637993415113;619.8054657327807;642.0834117835063
37;242.61361305910623;747.0944974096652;638.202018384282;529.3783556993042;762.6166345032366;548.213659821685;330.26123005175657;743.6480362993074;736.8005827634558;765.485134403185;874.5884551132312;497.29058695536713;622.1237278526814;554.6204901303416;597.6974164006621;739.158958057361;485.93292378346223;802.4076999018599;677.3314022821495;360.48757226718976;486.49696516167865;1034.3419176672617;791.9218662094177;401.92229503622497;267.84594260133827;477.31349694050033;482.3795678280192;1021.6877645255062;35.51691716801208;196.32891547900405;195.13030239781943;118.28790946306904;113.49453328350052;30.853400289706418;280.43990195633336;400.07066265330974;0.0;270.7350271693611;180.8487417406509;349.1751949564899;344.21691400741526;340.12783578301804;329.437973539913;318.02367484431494;295.9456557741502;312.3668224611748;275.41781392434154;273.17192699161245;219.3556614517969;207.4912685856929;195.4379623058778;186.37715799259155;170.8846446980133;170.06908463669868;166.11167766468037;153.98960121428505;144.0888091284026;138.72045890369876;131.07416463607575;118.52116127640996;110.55764182143432;84.60260315556219;42.60061704289256;55.26954677993675;55.57747087532336;60.55199237475962;220.3488046085848;220.3488046085848;245.60143270648803;244.4681233206072;268.9226186462425;283.0406508124919
38;142.1482973464806;763.9370967735247;681.8446511642751;456.0859026986147;757.9718523669513;575.1919639418551;90.23479182085244;595.0426284878614;673.5955309561003;578.2121257850197;754.8757951196301;414.5980411769592;723.9840352625114;641.2059771592744;697.8624849345925;758.8376903644961;230.14640719516768;804.5638133478284;443.7946934326803;89.75903415926251;412.0923889939079;927.48304780537;647.8082826181785;203.4328502295611;28.794456374814565;624.9827017198533;604.7655421916032;913.8867419845132;276.24764241539026;112.86631650396774;377.6767435733658;337.1068145472036;338.25873471009703;239.9959857580273;473.0726349677236;590.5317137590232;270.7350271693611;0.0;164.03066158704598;79.4317505125759;556.4878385976791;546.1416326772035;542.9138230252389;524.7740051213109;502.50041470865807;520.9314879612424;487.1390676285662;477.0744344891437;440.8353922617104;422.4057630063722;423.5378036219453;403.1193881366107;410.2270044834786;409.60636652838286;399.0701676112215;383.09673130918327;375.99380107561547;374.0927570037534;371.8047316741614;359.6802541364364;334.6323673208314;316.78198541232734;230.33893400551432;217.0408701105088;222.2277076928495;224.19543244191024;145.16667200720548;145.16667200720548;88.39269687871237;70.44252469499772;59.62136283530024;84.06155496483713
39;241.3064866505188;850.4270501003539;753.3187369392311;575.9158974910139;854.655808931527;652.4670930201369;252.26904784100924;745.4318744898274;794.625924264492;738.027890148375;898.0344524774571;536.8152418665007;764.4820616473401;688.6876475999694;738.8588835191998;843.8510148748588;391.9440802814989;898.7547909195271;607.735596768738;238.89945682244883;530.656950540048;1067.824377687754;797.4789115297319;359.3387148398721;180.844237379154;635.8445281277682;630.6891387684453;1054.446498269033;206.04817317979143;51.29409604730856;356.92720257372446;289.665148083752;286.9128326398953;158.76563796671215;450.3367595412948;572.028802502896;180.8487417406509;164.03066158704598;0.0;222.8680552068364;521.2033145199531;515.497186656863;506.5032622695588;493.2068100861894;470.6379432524336;487.93331961678007;451.10398107934606;446.5388052928852;396.3456282030936;382.2700760253836;373.4985615936958;360.9555806290136;350.7531544321092;349.95675822181994;344.58949800649907;331.0794124938324;321.5998895293995;316.9737287967044;310.3718822287093;297.53818506958214;283.46474278320693;258.55124265317573;141.28274217002746;132.2143260678914;126.46554881845172;120.30256693210548;41.613775510867626;41.613775510867626;90.3854169567062;101.07336282134308;125.64405199432116;126.22229237155388
40;200.3048197893912;799.682165909962;726.0329172973941;477.0650449812765;788.1647219930609;618.4447363099666;92.6799225932156;582.8258588719864;688.902258553976;550.1462486732486;749.3132170643903;435.1681672467308;780.1002104359522;695.8298216036528;754.0960163241908;795.4160079431265;175.0675324151526;835.6390211737681;395.80453590534495;17.393263074066716;435.5360540402438;923.3308762103688;635.7954303094873;198.49123421306464;92.92743287300092;691.2170518274727;667.0516992100659;909.6155713728732;355.5978148286117;175.32496967809092;453.4168315485766;415.8566720055615;417.2059424404634;318.5723145971831;547.8909598588968;663.5346856389382;349.1751949564899;79.4317505125759;222.8680552068364;0.0;632.3856064564061;621.4675101622227;619.051762363233;600.3954265544637;578.3422266522928;596.7782361906317;563.6384695684555;552.9606412967339;518.5855028626256;499.8853595304576;501.8636967484831;480.9497993661092;489.1999124855311;488.5902269304399;477.8305506004776;461.8026759670672;454.8733284421909;453.11418902127457;451.00564386451634;438.9440023234502;413.5939567962763;396.08719153361153;308.15696299886054;294.8853282453496;299.1982005428309;300.30580420359473;193.0209869193157;193.0209869193157;133.64893166087836;121.9013718089933;97.44411814722773;105.16693558458124
41;446.8765871401552;565.2928528463688;445.4883426066327;522.0878661933913;604.8462370861433;405.4224056413851;572.710023937204;773.4802742736521;658.1593326510775;844.024089945435;845.5699312438497;514.1188787775136;358.4486343823164;327.93583422511904;341.3258359431134;555.2708642133192;709.1925590083382;629.4581708187326;836.6877561152364;637.243969895552;498.24032030051126;969.4981193423528;807.6490628738593;580.8964624608444;539.4736450183038;188.6396733470922;229.6350277326628;959.3649073783246;315.40016618980314;524.0318958037661;178.97144598313577;231.9441110389872;234.3215654630789;362.6242484193629;87.24978745720068;72.15507841279126;344.21691400741526;556.4878385976791;521.2033145199531;632.3856064564061;0.0;17.44127877630991;14.780735070213916;32.55181972025897;54.04383429636343;35.611170941813924;70.66558637719149;79.43757034861554;125.03214848860434;139.28250608113368;148.809766503935;160.48753134981072;175.22909860820818;176.07245510675514;178.17820097244254;190.5149784513484;200.26539748603324;205.49685389465515;213.4436961205314;225.77249165921592;237.802062896873;262.6938627884845;380.3795533307915;388.98946794369743;395.4415768379041;402.9431284379757;557.6575102449882;557.6575102449882;567.8323361353773;560.4651635855647;580.1128076240395;600.9262347126748
42;434.1723806588421;550.739014320014;430.8147181698407;504.6710496354046;589.5746347045891;388.9326658961124;560.2669893250652;756.0623932692238;641.2397678498712;826.8507762974217;828.3111427703109;496.8335079067813;347.3885725893494;314.0223453873488;329.5230263337569;540.7606503941232;695.3679045334684;614.7888416983933;820.7443681328373;625.9676746582576;480.9457696891757;952.7410050908312;790.2077841190755;566.2521369181492;528.5413582995474;177.8279959504575;216.12965170940933;942.5617710654914;310.2820260872542;516.7290184815705;168.51390123527412;225.83610219494693;228.7398590063611;357.32931120925133;74.11347730662968;65.80477589169968;340.12783578301804;546.1416326772035;515.497186656863;621.4675101622227;17.44127877630991;0.0;19.926194388234133;22.29562929794792;44.98118267549336;27.762833222797124;64.71589525108364;69.9471152900019;120.97719069586086;133.29686623137465;145.54835221679153;154.6222865064985;173.34396826713674;174.18755068945637;174.82951139233828;186.1405959867856;196.0720881362528;201.6737141615847;210.17880829879616;222.1690116425032;232.12887845550404;257.46036879557045;375.1981578767222;383.36007072717854;390.3096931619927;398.1211183734815;551.321681432714;551.321681432714;559.8105655349373;551.9805316863747;571.1700538341427;592.3884352144963
43;434.61642748478977;570.2400263673928;450.27731506684734;517.9381860830412;608.6857506096002;406.8506684285012;560.2338972794593;769.2798416334455;658.2640653947915;838.1082677110103;844.1808826183642;508.85436749386696;367.2202286576058;333.7674185994761;349.431161874642;560.2807929013035;697.7288432267216;634.2335009618198;827.7156737579538;624.0841240973083;493.0374802066216;970.0894665973144;804.1764659392543;570.2603800028933;526.1643213426621;197.58587097219004;235.97752014483223;959.815407056923;300.66689933894816;509.557529028757;165.69424647662242;217.33388888564008;219.64524045527244;347.8995902631016;76.27433029980673;83.71565036837822;329.437973539913;542.9138230252389;506.5032622695588;619.051762363233;14.780735070213916;19.926194388234133;0.0;22.275563930225047;41.19698754621176;23.262453604149567;56.33696877084596;66.24851622018953;110.27861157556512;124.72260578186524;134.0290314987647;145.88594072925906;160.5110769868391;161.35476370008658;163.39763893860734;175.75588940851836;185.49691980129447;190.718285566638;198.6653944782487;210.99175661035056;223.13479606929008;247.9771858803728;365.64495938100674;374.2914760350285;380.7025149593641;388.1854863693223;543.0258843978592;543.0258843978592;553.5064147039482;546.2569442234969;566.0326219747532;586.7275280477546
44;414.3514116861976;556.7543817158638;436.7232599556448;496.571186610971;593.810741361408;389.5819590373396;540.2273431142851;747.8496436413052;639.6191292826259;816.0816393771511;824.3407858858133;487.04628865680576;359.81148652461263;321.8408904741528;340.9295721439201;546.8848107476838;676.6909299245871;620.4790257685931;805.540867685236;605.1027272127448;471.2532126022139;951.774807068488;783.0856385156945;548.664876198008;507.47075154286273;191.33021489562245;225.1874657078005;941.3814748415627;288.0411228295173;494.50452964773297;147.10309270114368;203.54393719838512;206.47356339832763;335.0674548592864;54.770689519254105;85.23486911725168;318.02367484431494;524.7740051213109;493.2068100861894;600.3954265544637;32.55181972025897;22.29562929794792;22.275563930225047;0.0;22.738840976512176;6.451314307284934;42.64305384138588;47.94978607761428;99.09124838899278;111.03348791631888;123.82463340028085;132.35699098433764;152.0428820248138;152.8841727220533;153.01315521229478;164.0591519752324;174.01802551680464;179.69637003191215;188.3357094917936;200.2250740713582;209.85563126259527;235.2178515107496;352.9438813852688;361.07610697134606;368.05835473887953;375.9000000107672;529.0300224247308;529.0300224247308;537.6976565736184;529.9658959258263;549.2775541286367;570.3892154248566
45;393.419530179224;561.6083111324813;441.7063185445596;487.1470786312174;596.7872323510051;389.34609468939885;519.0532337382548;738.0210495103482;636.5575098032875;803.6627292284808;818.7225636122915;475.9294677058149;371.62748460083145;329.14257402375574;351.7745683853228;551.8658499108973;656.7079819245226;624.9099415062436;788.7918800140584;583.2149330175878;460.25987837651394;949.118479358213;774.3239506058434;529.7524968195623;485.4298418992411;205.0379953135536;234.30501824600785;938.513599364039;265.658120849186;471.7685972372222;124.93044035400985;180.97668533628263;184.0264403859772;312.6177670355675;36.762518468676745;105.3738857211488;295.9456557741502;502.50041470865807;470.6379432524336;578.3422266522928;54.04383429636343;44.98118267549336;41.19698754621176;22.738840976512176;0.0;18.438169683434324;21.619165692991288;25.429513145500028;77.74375597139928;88.64232642564137;102.7022850224854;109.9413349243178;131.58661801388214;132.4206993302998;131.61942635154844;142.107259719055;152.11461062311926;157.94413828383838;166.83027123276256;178.5162347854949;187.3821627287879;212.8396194571598;330.5157833305176;338.5439955400897;345.6376028815083;353.5583776893692;506.36349646382473;506.36349646382473;514.9720794794346;507.2770986357897;526.6500881416466;547.706858277415
46;411.5821103926577;561.9191706621639;441.8932040689339;498.4007007067525;598.6382741976358;393.72001253897866;537.3028240234703;749.5891135797708;643.1605779038459;817.0075195422398;827.2626277362731;488.3580836121108;365.93780286369537;327.36616237559394;346.94495011148604;552.0705166466025;674.4948426796855;625.5760865474573;804.8709664786627;601.6355676498289;472.600743628342;955.4356586453152;785.1425407408525;547.0155199671717;503.8649039421405;197.60143016852285;230.9450141004722;944.992008401082;282.5943825328404;489.6470299243945;143.368147007789;198.30468201036115;201.1021171640957;329.6737599877984;53.06858062670486;91.5804142924251;312.3668224611748;520.9314879612424;487.93331961678007;596.7782361906317;35.611170941813924;27.762833222797124;23.262453604149567;6.451314307284934;18.438169683434324;0.0;36.96602746961698;43.85710437777384;93.23740796288638;105.67171240423382;117.87262809618348;126.99481780425135;145.91548222251805;146.75769266492915;147.1190865575516;158.37870103664534;168.30927041643176;173.91855457723486;182.46111291070693;194.4214023382352;204.5086588930621;229.7776543177061;347.5280765581901;355.766356653267;362.6343723217525;370.4089958195081;523.914876201451;523.914876201451;533.0535747058176;525.4660220477305;544.927907480833;565.9072508552254
47;381.6266432592111;577.2116037796185;457.52474040806027;490.8845038850822;611.0723703322707;401.54787323827657;506.5887295031225;741.027036266465;646.0767021530341;803.7842462853816;825.8169795792336;477.8861660993773;391.2968497636975;346.56466599798574;371.01957403272473;567.5615605842106;646.4866636130574;640.1801435704658;783.5090060030806;568.9768053990407;462.3831829379118;958.7762312579692;778.40229716424;521.4664756193145;470.8199345000111;225.65850899234883;252.9339053998197;947.9951013924646;245.65699186869105;453.3822660298388;110.9768525062088;161.55425383617583;164.2199120366242;292.7621198872709;39.06846117957679;126.84612013049608;275.41781392434154;487.1390676285662;451.10398107934606;563.6384695684555;70.66558637719149;64.71589525108364;56.33696877084596;42.64305384138588;21.619165692991288;36.96602746961698;0.0;17.572935449038134;56.501848083425344;68.8507922335658;81.34948413557133;90.15134907997243;110.03052260504104;110.86634576065352;110.43738034803016;121.436636898844;131.3841846482698;137.05395822465096;145.73421511484906;157.58654333831666;167.64570296174713;192.84686791655025;310.60303865865444;318.9138516897143;325.70457251683587;333.45311565282464;487.2543997166798;487.2543997166798;497.1912541599799;489.9206367004937;509.7333293462793;530.3919530582473
48;368.65418967339696;563.3011137793706;443.8368292838658;473.3168881738699;596.2938400950547;385.8063028711815;494.10543165837976;723.4568140380175;629.3084993951211;786.4191012081278;808.5195524228146;460.34405029778713;381.8341470078355;334.3583958167852;360.9325831849428;553.7219704307837;632.5767186224303;626.0136118809513;767.387665375083;557.8901535261963;444.8327597262149;942.0125091237402;760.83863484137;506.5267815365099;460.0538967657597;218.39745785813585;242.24937890121785;931.1847244799592;242.1793534491189;446.9140299907319;99.54421460598896;157.0539884360659;160.48582838447626;288.9208539562876;22.243237659577296;126.92116129156965;273.17192699161245;477.0744344891437;446.5388052928852;552.9606412967339;79.43757034861554;69.9471152900019;66.24851622018953;47.94978607761428;25.429513145500028;43.85710437777384;17.572935449038134;0.0;58.35186415037581;65.79822396380143;83.13299462703208;86.79524487028492;112.93553011909312;113.7426581277631;110.976261224607;120.05582272797676;130.12021082195204;136.2719649876769;145.6560637545271;156.83533807711845;163.75483994563405;189.4428643865487;306.86636876403674;314.59711405980744;321.9991475135645;330.11809438334416;481.9204895182812;481.9204895182812;489.86727810054725;482.0500372342111;501.32815733370126;522.4657572648393
49;344.54307305559445;610.8758621115619;492.3857884664504;492.75616448128784;640.807222274142;426.8461534718151;466.99670398311423;739.4592466126477;662.3848873271706;794.4477935165767;834.8510547002384;475.2036471687496;438.0329459409354;386.7695114788036;416.4895969406076;601.5326939194837;611.7244914550824;672.6478489851235;760.4606473897128;524.9713249771313;460.29225070257024;974.4754819299364;779.5251342783477;492.0708776816746;426.3090228285125;276.3447269493977;297.4352188432254;963.2303339360124;190.4149515013385;400.6982137959959;78.06113294049864;108.008098957393;109.74159927045936;237.668857582786;73.93536456163649;183.09597389748663;219.3556614517969;440.8353922617104;396.3456282030936;518.5855028626256;125.03214848860434;120.97719069586086;110.27861157556512;99.09124838899278;77.74375597139928;93.23740796288638;56.501848083425344;58.35186415037581;0.0;20.02973195490996;25.0190091495826;37.75137168253429;54.59486790296155;55.40577740183976;53.93553793651417;65.48736241899586;75.28584068894158;80.72589153453886;89.24455815980266;101.1948721985408;113.2935306586178;137.79554171697714;255.38657237045376;264.1594780728371;270.43497437712455;277.9113816766614;433.18377019313135;433.18377019313135;445.6317057434565;439.246285811583;459.9402605846141;479.7236651545883
50;324.6774188549608;604.0436463963274;486.2918049634792;476.618445648148;632.4006593224673;417.34262542867606;447.39569215703534;722.3712425803102;649.5748144728523;776.0405861715163;819.9715684095111;458.1733690863432;437.9264437864746;383.39204549858977;415.71357567090126;594.8412653841831;591.7890628465027;665.2432782177035;740.6461584926577;506.0533598000965;443.4010752332649;961.2346137074798;762.9338048470673;472.05216179152507;407.4533786866376;279.4722578527313;296.67493194148085;949.8680085881522;177.02482318085933;384.88198212146864;58.46837654937975;92.70934137709804;95.4430126056498;224.03433163051923;76.28148664576086;192.7007249133292;207.4912685856929;422.4057630063722;382.2700760253836;499.8853595304576;139.28250608113368;133.29686623137465;124.72260578186524;111.03348791631888;88.64232642564137;105.67171240423382;68.8507922335658;65.79822396380143;20.02973195490996;0.0;25.406238494522068;21.325751145926777;53.219663535891925;53.8902979057697;47.05680065396619;54.364677713621134;64.4255452402705;70.73428510764;80.45659255156683;91.22354164847128;98.8385957614172;124.20292974360947;241.91160235178137;250.09519736443383;257.02770741322485;264.9166205395807;418.4258957985304;418.4258957985304;429.1665297884031;422.34005732673575;442.65902937975983;462.8280753630087
51;332.9333980071468;629.3431350191736;511.4731851663255;499.0825049678088;657.8062354383906;442.722191859211;453.47935424839005;743.635714288571;674.1839901537966;795.081804388192;843.4008439128207;479.6414654282087;461.00152306178296;407.8532531646174;439.1168620469768;620.1224372955919;600.4426594082614;690.6033360618597;754.7611241067316;508.83962285464986;465.0550122412388;985.618888302019;784.7998421097425;483.86750793441;410.1118199078108;300.53395453112034;320.02244302915534;974.1949527369608;167.4525923537229;379.3901627153255;76.84599791066728;87.51067975460971;88.17395091926217;214.7329723040327;97.41438107879156;208.0726311101036;195.4379623058778;423.5378036219453;373.4985615936958;501.8636967484831;148.809766503935;145.54835221679153;134.0290314987647;123.82463340028085;102.7022850224854;117.87262809618348;81.34948413557133;83.13299462703208;25.0190091495826;25.406238494522068;0.0;25.747127856838;30.003703276494544;30.78359928921113;29.37775663921508;42.61674424212643;51.90058940587387;56.76122522244125;64.7084258165079;76.96272545531794;91.81537337585983;115.2823889860762;232.30376485622776;241.47648080133544;247.28012059275605;254.48938998319363;410.8390273109589;410.8390273109589;425.0299753047571;419.2351856554793;440.4616371234284;459.65903002389376
52;308.81256556261894;614.7190110306029;497.8064703281289;475.3282425832272;641.4461413242998;425.48500759036057;430.3444486052709;719.0038317125449;653.3009658144242;769.6218753212024;820.5131584086932;455.1897581985336;454.2898550926087;397.4317520180058;431.6477235690123;605.6623721298135;576.2631012224994;675.2981145348184;729.168493326937;487.4499672727916;440.7238124761276;964.1713402721756;760.5225902206549;458.6825356669635;388.75939727209993;297.99713995522313;312.84325884481325;952.637124289943;155.7168514287735;363.86356493281335;52.02438720353495;71.4570861262165;74.11762635859044;202.71048686951147;95.70533878479972;213.70608161480712;186.37715799259155;403.1193881366107;360.9555806290136;480.9497993661092;160.48753134981072;154.6222865064985;145.88594072925906;132.35699098433764;109.9413349243178;126.99481780425135;90.15134907997243;86.79524487028492;37.75137168253429;21.325751145926777;25.747127856838;0.0;42.25863342836376;42.68784872591053;31.34472039796287;34.44454683859998;44.340787690209154;50.98981487306673;61.20915449847519;71.13786225004387;77.51400341761081;102.89883507121232;220.5912512397973;228.7746493192604;235.70888590692667;243.6217886341116;397.1776656586673;397.1776656586673;408.3942281499334;401.7860003354829;422.3342642089799;442.2710038149112
53;328.3240889880044;656.150484272059;538.8140332003184;514.9160122577035;683.4261146296901;467.6191058516371;445.6197144374125;756.7672083091634;695.1554922241538;804.2234517291308;861.020757542;493.5544667753424;490.7047341228922;436.5973111733411;468.6771467363134;647.0284469279085;595.2475883641275;716.9802884363922;756.4622349827113;497.0394465441606;479.3544421767365;1005.7358669786192;799.0626494370704;483.0238881613621;398.52355401247416;330.5375184365133;349.59814205548525;994.1426688611818;145.5184936174725;359.57407494335695;91.92502147933142;73.87101443409537;71.99544958056806;192.4202390353753;127.3838349637396;236.86145098362715;170.8846446980133;410.2270044834786;350.7531544321092;489.1999124855311;175.22909860820818;173.34396826713674;160.5110769868391;152.0428820248138;131.58661801388214;145.91548222251805;110.03052260504104;112.93553011909312;54.59486790296155;53.219663535891925;30.003703276494544;42.25863342836376;0.0;0.8445129862462284;15.050772433396524;29.8077466930781;34.575435147148085;36.19896614768957;40.5846704010147;53.49514600381642;75.60638757283253;95.47551399179402;209.5518502302025;219.5427512079655;224.28862384385152;230.85975110264167;389.0109392822049;389.0109392822049;406.3413913380843;401.5715362903813;423.62833127851394;441.8033369394449
54;327.9138869924378;656.7052953551661;539.3954697428231;515.0693412622051;683.9279820615817;468.0949389100659;445.1214783257054;756.8282695142852;695.4773246415829;804.1634226200212;861.2241477190132;493.6480684817227;491.43084801729646;437.2543764709554;469.3903351798154;647.5879372004345;594.8078014395735;717.5148836865525;756.1949594692809;496.4484666851175;479.46080318262784;1006.0232954842448;799.158220305907;482.6986266432592;397.94151810554496;331.3167760113994;350.3135806164452;994.4242406730016;144.74771031042644;358.8256750923734;92.15830613553236;73.33178807508317;71.39130151615797;191.6374530533094;128.14810172193964;237.6986469272101;170.06908463669868;409.60636652838286;349.95675822181994;488.5902269304399;176.07245510675514;174.18755068945637;161.35476370008658;152.8841727220533;132.4206993302998;146.75769266492915;110.86634576065352;113.7426581277631;55.40577740183976;53.8902979057697;30.78359928921113;42.68784872591053;0.8445129862462284;0.0;14.987666958197927;29.477814264887048;34.04314046319211;35.55031569878272;39.81966867170463;52.72978676774656;74.99680003734743;94.7625891895325;208.76063943190948;218.7642953381484;223.4928022652647;230.05408796182635;388.2277782207873;388.2277782207873;405.6120482852031;400.8617658583708;422.93403651820427;441.0886394709047
55;314.5499813655567;645.9661867297475;529.1363272324609;500.4883784857972;672.3744013744828;456.2166804600024;432.6927271877044;741.9499102603016;681.935763946067;789.1801146467093;846.8750236823497;478.8544503362624;484.5745049719385;428.57184679498255;462.15323500331056;636.9280876520226;581.7022654845243;706.4439174131522;741.78064984999;485.36016879129176;464.7063637476698;992.2030257056756;784.3672291345729;468.6363744481248;386.7279413170922;326.50303409998736;343.20876369449303;980.5615638420662;138.6212734398051;351.4999731895311;78.13620488487919;61.97505245247129;61.23880985246219;185.857701620746;123.21285721792808;236.9007695362158;166.11167766468037;399.0701676112215;344.58949800649907;477.8305506004776;178.17820097244254;174.82951139233828;163.39763893860734;153.01315521229478;131.61942635154844;147.1190865575516;110.43738034803016;110.976261224607;53.93553793651417;47.05680065396619;29.37775663921508;31.34472039796287;15.050772433396524;14.987666958197927;0.0;16.155112633560982;23.58780820086398;27.61620774893411;35.35473271578692;47.60316159836537;64.90928573487636;86.98288328712104;203.3277927196171;212.73466162955447;218.2554442521848;225.32958896273016;382.2136666591071;382.2136666591071;397.6521350503278;392.3433263538325;413.9996600069761;432.6888848926512
56;298.66065243162416;644.0175134900065;527.9902950680884;490.5366303774984;669.102423875741;452.5287459579828;416.5628057160396;730.5473122814685;674.8343215542836;776.214455198439;837.6196936842556;467.9942451442121;487.9776403675015;429.74205854023256;465.12148804347567;635.1064366095327;565.7206521362625;703.9458533789697;726.7854015545174;469.274037849724;454.0443543157607;984.3724352372756;773.4496304298619;453.2214437218569;370.6278575907273;332.42045959781854;346.5077203162368;972.6274749305888;125.0512266482358;336.8215509120494;71.4971449817405;46.001690253821344;45.79240170893529;172.33244108919135;130.05561884895388;246.8355210613873;153.98960121428505;383.09673130918327;331.0794124938324;461.8026759670672;190.5149784513484;186.1405959867856;175.75588940851836;164.0591519752324;142.107259719055;158.37870103664534;121.436636898844;120.05582272797676;65.48736241899586;54.364677713621134;42.61674424212643;34.44454683859998;29.8077466930781;29.477814264887048;16.155112633560982;0.0;10.06531125739208;16.545765950518494;26.870433394614142;36.8719502944877;49.45791498046793;72.69075284162862;189.98863421033536;198.9756332708529;205.01320361446272;212.42965577283084;368.2678541840853;368.2678541840853;382.6310882778371;377.06651192684046;398.5419822250485;417.4531833395369
57;294.3941960058135;651.4319980849766;535.7581653678037;493.4181309770758;675.9239703494768;459.2154771683354;411.11098422954126;732.1738242960367;679.6018446048174;776.3388520701856;840.9269286002846;470.16373676362633;497.2207881921994;438.36358953893966;474.25744464093225;642.5760148608077;561.0472846055267;711.1125603753469;724.3202370173838;462.59580571678816;456.38365335397424;988.6327260278742;775.4816690667343;450.0573526530856;364.04001662812817;342.20150135158303;355.7576260479958;976.8218922702708;115.55265543213622;327.9771761081983;77.69228464931243;39.29656501587845;37.818634903349775;162.83432695393287;140.0227572398404;256.88927049750714;144.0888091284026;375.99380107561547;321.5998895293995;454.8733284421909;200.26539748603324;196.0720881362528;185.49691980129447;174.01802551680464;152.11461062311926;168.30927041643176;131.3841846482698;130.12021082195204;75.28584068894158;64.4255452402705;51.90058940587387;44.340787690209154;34.575435147148085;34.04314046319211;23.58780820086398;10.06531125739208;0.0;6.969641590313501;17.637151960712153;26.837558736054724;41.47794662531761;63.52671762763611;180.423887011298;189.5840978332101;195.4174421976821;202.7266397790539;358.98341994915177;358.98341994915177;374.0692974973833;368.76333903776464;390.4572797568555;409.1045677027876
58;294.93909293369364;658.1894203378364;542.5981178521256;498.3877816703907;682.517067719301;465.7752417391608;410.6588660221519;736.455853249618;685.4345061137258;779.750458795273;846.0794456020586;474.7699822592011;504.1651474761116;445.3254867124715;481.2146721401975;649.3470903756225;561.1870038606429;717.8043465380719;726.0628595747556;461.0663354317628;461.0815581600313;994.2302086152785;779.9813767138065;451.354328600923;362.6213121303628;348.95187201801065;362.70016004823344;982.3897737078346;111.02235329944064;324.22722268186425;84.2351974435402;38.88184032786339;36.04064211027333;158.246959097351;146.57997046179906;262.90645546897724;138.72045890369876;374.0927570037534;316.9737287967044;453.11418902127457;205.49685389465515;201.6737141615847;190.718285566638;179.69637003191215;157.94413828383838;173.91855457723486;137.05395822465096;136.2719649876769;80.72589153453886;70.73428510764;56.76122522244125;50.98981487306673;36.19896614768957;35.55031569878272;27.61620774893411;16.545765950518494;6.969641590313501;0.0;10.670435799085125;20.58653165108131;39.59211842172328;59.72313206006029;175.71181636926804;185.14563573249265;190.643092918376;197.75481520750097;354.6414944620291;354.6414944620291;370.6471703284489;365.6368511322159;387.5635255574412;405.91754289376826
59;296.4827550728541;668.6316424666898;553.143532410381;506.3554105008034;692.7447550708956;475.9644065469071;410.59267666268886;743.3957067579848;694.6125200154721;785.4045027682324;854.2767106757619;482.2195388619844;514.7580812226859;455.9954501104422;491.8365236894772;659.8066724996156;561.9651420248167;728.1614918501658;729.2327429228209;459.3115724597109;468.66612955039966;1003.0613673006592;787.235252461764;453.9267882060682;361.092642960211;359.2007261730884;373.2901908682293;991.1789039522612;104.93873431261063;319.0425462325585;94.48183544880304;41.00317670113804;36.25530776391778;151.8975501055907;156.55825230396093;272.0090156329696;131.07416463607575;371.8047316741614;310.3718822287093;451.00564386451634;213.4436961205314;210.17880829879616;198.6653944782487;188.3357094917936;166.83027123276256;182.46111291070693;145.73421511484906;145.6560637545271;89.24455815980266;80.45659255156683;64.7084258165079;61.20915449847519;40.5846704010147;39.81966867170463;35.35473271578692;26.870433394614142;17.637151960712153;10.670435799085125;0.0;12.910476131897587;39.404473164965424;55.48686104722087;169.11434463439107;178.9895997606857;183.9151519277426;190.684019446354;348.48260045125187;348.48260045125187;365.9594047226325;361.4228443675236;383.7062251371273;401.5859835324827
60;286.81403639895785;673.0627752101866;558.2397768228294;504.2827167488791;696.1750822234465;479.3055593540227;399.6683533274708;739.5543713936779;694.9325558017687;779.7618492695639;852.5211051191786;479.2743833640488;522.8351144852445;462.7387718161792;499.6667302009416;664.336057180297;551.5801058305568;732.1503285905377;720.8309311914014;447.4130550645838;465.9521047485957;1002.5493424614702;783.8719316904369;445.0447853387839;349.331330543339;368.7856459446403;381.4209488971456;990.5786625805098;92.03081795872296;306.1516876342205;98.83475687695162;34.21338286989334;27.823554795599627;139.01466198196326;166.8397332499308;283.49266079656707;118.52116127640996;359.6802541364364;297.53818506958214;438.9440023234502;225.77249165921592;222.1690116425032;210.99175661035056;200.2250740713582;178.5162347854949;194.4214023382352;157.58654333831666;156.83533807711845;101.1948721985408;91.22354164847128;76.96272545531794;71.13786225004387;53.49514600381642;52.72978676774656;47.60316159836537;36.8719502944877;26.837558736054724;20.58653165108131;12.910476131897587;0.0;30.309371789872973;42.99954258670813;156.2671171193944;166.0925786457536;171.0933276807783;177.94325676854876;335.59314453879784;335.59314453879784;353.1226862641963;348.6715461335964;371.035831109222;388.8077433953756
61;257.12420834779863;657.1650382462856;543.9684421486648;477.7735471253086;678.1894226687502;461.4439889470849;371.4575711818765;711.1177677309049;671.5188887258743;750.0505352236861;826.2179350444924;451.8070450525201;516.3152587445145;452.6816734570145;492.4839711322888;648.6598417425427;522.5874898783475;715.2619109200058;690.5820088628325;421.48641391912753;438.7433262580992;977.802967559634;755.8597628278862;414.92561648497417;323.02985144451566;367.5365781831936;375.48302835650026;965.7148698113776;78.43855790800797;287.6536669590588;87.66849517449326;8.641897575695566;3.6718608031569424;125.23833837086916;169.99467488390854;290.33510631151444;110.55764182143432;334.6323673208314;283.46474278320693;413.5939567962763;237.802062896873;232.12887845550404;223.13479606929008;209.85563126259527;187.3821627287879;204.5086588930621;167.64570296174713;163.75483994563405;113.2935306586178;98.8385957614172;91.81537337585983;77.51400341761081;75.60638757283253;74.99680003734743;64.90928573487636;49.45791498046793;41.47794662531761;39.59211842172328;39.404473164965424;30.309371789872973;0.0;25.968135145887302;143.15184437050996;151.2681638812281;158.27997279790546;166.36980907333833;319.9399209815634;319.9399209815634;333.22792596637686;327.60878165735346;349.1291450471167;367.9958799315789
62;248.72921248514143;677.2987383415884;565.1708134748362;487.4797281149437;696.8767806859983;480.47479503486016;358.5162360260198;716.6618510549596;685.2087073676626;751.5269928216923;835.8563124583262;459.8368338956926;540.7691080373411;475.9777882874414;516.7550242447185;668.9394163910382;511.4101982192494;734.7009514450651;685.1830211307444;404.7098376175304;447.2991345844025;989.6306172614692;762.3522524265724;408.52670929186144;306.8128103859539;393.18161457649296;400.20799898091263;977.391306328278;52.82343530700988;264.5369599227943;112.1672036709146;33.77993435802696;29.023781865636405;99.9429612894685;195.9525700834941;316.1442061744533;84.60260315556219;316.78198541232734;258.55124265317573;396.08719153361153;262.6938627884845;257.46036879557045;247.9771858803728;235.2178515107496;212.8396194571598;229.7776543177061;192.84686791655025;189.4428643865487;137.79554171697714;124.20292974360947;115.2823889860762;102.89883507121232;95.47551399179402;94.7625891895325;86.98288328712104;72.69075284162862;63.52671762763611;59.72313206006029;55.48686104722087;42.99954258670813;25.968135145887302;0.0;117.75734613808696;126.36772183054995;132.85791767107247;140.72688306120125;295.5785300875499;295.5785300875499;310.94460663843535;306.10080103523467;328.26003412016365;346.3280818851197
63;216.7912408913333;755.8246092593033;650.122625480109;521.0927532914826;768.093324708904;556.2512856273092;294.15948315673097;726.3164257297076;732.8273119830274;742.1238452823127;862.7381701476122;486.9091926812577;643.1888582557526;572.4799823538644;618.2507991485563;748.2678935956823;449.5204442429833;809.2720965093877;645.7828867536656;319.9484459843308;477.159928899832;1025.3656673806877;775.6541190596973;372.6153951731339;229.27860549118213;504.2573309738978;505.1818790622965;1012.5045310437208;64.9799479904909;153.87352962805633;221.91051341001983;149.86967715443186;146.48961822944165;17.99349939452419;312.1456167912711;433.2164141883177;42.60061704289256;230.33893400551432;141.28274217002746;308.15696299886054;380.3795533307915;375.1981578767222;365.64495938100674;352.9438813852688;330.5157833305176;347.5280765581901;310.60303865865444;306.86636876403674;255.38657237045376;241.91160235178137;232.30376485622776;220.5912512397973;209.5518502302025;208.76063943190948;203.3277927196171;189.98863421033536;180.423887011298;175.71181636926804;169.11434463439107;156.2671171193944;143.15184437050996;117.75734613808696;0.0;13.298089694706857;15.133671020572622;24.238326445872865;179.62012612173365;179.62012612173365;203.02890516837263;201.9137997878082;226.4673449835992;240.4405232395588
64;206.29786160873985;754.3594841279319;649.7534323657353;514.7435317084604;765.6050357477825;554.7417641691472;281.27286909231555;717.3617325741759;727.5342902314667;731.6720222939265;855.1735428912565;480.01017194149983;645.8721189065852;574.1374101891214;620.7785558380591;746.9273421733341;436.542605611281;807.1900772292169;633.5853562910795;306.65341236370926;470.5676698996954;1018.5324293982484;766.9530518033941;360.99921775126273;216.0878053559314;509.1520974327311;508.6049043823844;1005.6179289302132;74.1322088225219;141.99546394355832;227.46350330858823;157.58301334451804;154.70548201743003;27.264444215629744;319.1085414997821;440.5333341600586;55.26954677993675;217.0408701105088;132.2143260678914;294.8853282453496;388.98946794369743;383.36007072717854;374.2914760350285;361.07610697134606;338.5439955400897;355.766356653267;318.9138516897143;314.59711405980744;264.1594780728371;250.09519736443383;241.47648080133544;228.7746493192604;219.5427512079655;218.7642953381484;212.73466162955447;198.9756332708529;189.5840978332101;185.14563573249265;178.9895997606857;166.0925786457536;151.2681638812281;126.36772183054995;13.298089694706857;0.0;13.466768715394458;23.88259579592269;169.51959815160802;169.51959815160802;190.81339226858185;189.2584497775684;213.6550352079285;228.03515398249635
65;218.08201920331604;767.3562576815796;662.4134654839264;528.1198111205028;778.8355025615897;567.7421847413052;289.34912505081;729.966616905272;740.994266784754;743.3243528233128;868.2917650988843;493.2996429982948;657.1619509832472;585.9568231130833;632.1528858718111;759.8903464643329;444.19959558756113;820.3379251537317;643.1539543834967;311.4912666655092;483.9108526136136;1031.818377204102;779.6715872341084;371.52954484371577;222.8565559346649;519.0138711859842;519.4535356714615;1018.893653463998;80.05769437865018;141.04497351436152;236.79438149943005;165.0028330995731;161.6128440515352;33.1124975606699;327.25442117522;448.3465903065996;55.57747087532336;222.2277076928495;126.46554881845172;299.1982005428309;395.4415768379041;390.3096931619927;380.7025149593641;368.05835473887953;345.6376028815083;362.6343723217525;325.70457251683587;321.9991475135645;270.43497437712455;257.02770741322485;247.28012059275605;235.70888590692667;224.28862384385152;223.4928022652647;218.2554442521848;205.01320361446272;195.4174421976821;190.643092918376;183.9151519277426;171.0933276807783;158.27997279790546;132.85791767107247;15.133671020572622;13.466768715394458;0.0;10.61699078786961;165.20029973901245;165.20029973901245;190.603206069648;190.35565013820136;215.2783440666448;228.2990423557132
66;225.9619788157599;777.973224358865;672.9937090524132;538.0129587968382;789.4234161350312;578.3591750425762;293.6597724927587;738.6517663193298;751.168085512654;750.9012772941809;877.6896258305032;503.0093697302663;667.279378949204;596.2901331427663;642.3073843168601;770.5066503457449;448.0182268778092;830.9446619075858;648.6505386535246;313.01523729760146;493.730375676331;1041.5065318710651;788.5006864468611;378.03804234560505;226.1459396791536;528.4552733071693;529.3813561021882;1028.5621970169095;87.93929251825428;138.44991055799417;246.04373669796385;173.3081664449256;169.63471873407929;41.967523415499;335.804321049616;456.65721662738775;60.55199237475962;224.19543244191024;120.30256693210548;300.30580420359473;402.9431284379757;398.1211183734815;388.1854863693223;375.9000000107672;353.5583776893692;370.4089958195081;333.45311565282464;330.11809438334416;277.9113816766614;264.9166205395807;254.48938998319363;243.6217886341116;230.85975110264167;230.05408796182635;225.32958896273016;212.42965577283084;202.7266397790539;197.75481520750097;190.684019446354;177.94325676854876;166.36980907333833;140.72688306120125;24.238326445872865;23.88259579592269;10.61699078786961;0.0;159.9198252966059;159.9198252966059;188.35361143744584;189.1279768404032;214.38787902237337;226.30926648903232
67;245.76008809012413;865.3442690945208;771.6699373535088;579.954825484055;866.8120206717858;668.9573855705795;235.38898767052112;737.3473284293756;799.0714922249009;723.3635103566404;893.8490061763642;539.8404645375584;789.665121509769;712.1266336830062;763.8442037664462;859.1351033904227;366.06351243639;911.723685678694;584.6957439073907;209.8212234762772;534.8436033529172;1065.1271621404123;789.853279975116;347.18398774452686;166.94306441662286;665.9830958226914;658.1050855630826;1051.6371626243797;243.64860310951792;47.02089065034353;389.99395164041965;325.7227579916644;323.46366668621494;196.59081229528024;484.6438838108648;606.4699767647838;220.3488046085848;145.16667200720548;41.613775510867626;193.0209869193157;557.6575102449882;551.321681432714;543.0258843978592;529.0300224247308;506.36349646382473;523.914876201451;487.2543997166798;481.9204895182812;433.18377019313135;418.4258957985304;410.8390273109589;397.1776656586673;389.0109392822049;388.2277782207873;382.2136666591071;368.2678541840853;358.98341994915177;354.6414944620291;348.48260045125187;335.59314453879784;319.9399209815634;295.5785300875499;179.62012612173365;169.51959815160802;165.20029973901245;159.9198252966059;0.0;0.0;60.05023125244616;75.63893629518472;96.36082529057136;90.72109201163975
68;245.76008809012413;865.3442690945208;771.6699373535088;579.954825484055;866.8120206717858;668.9573855705795;235.38898767052112;737.3473284293756;799.0714922249009;723.3635103566404;893.8490061763642;539.8404645375584;789.665121509769;712.1266336830062;763.8442037664462;859.1351033904227;366.06351243639;911.723685678694;584.6957439073907;209.8212234762772;534.8436033529172;1065.1271621404123;789.853279975116;347.18398774452686;166.94306441662286;665.9830958226914;658.1050855630826;1051.6371626243797;243.64860310951792;47.02089065034353;389.99395164041965;325.7227579916644;323.46366668621494;196.59081229528024;484.6438838108648;606.4699767647838;220.3488046085848;145.16667200720548;41.613775510867626;193.0209869193157;557.6575102449882;551.321681432714;543.0258843978592;529.0300224247308;506.36349646382473;523.914876201451;487.2543997166798;481.9204895182812;433.18377019313135;418.4258957985304;410.8390273109589;397.1776656586673;389.0109392822049;388.2277782207873;382.2136666591071;368.2678541840853;358.98341994915177;354.6414944620291;348.48260045125187;335.59314453879784;319.9399209815634;295.5785300875499;179.62012612173365;169.51959815160802;165.20029973901245;159.9198252966059;0.0;0.0;60.05023125244616;75.63893629518472;96.36082529057136;90.72109201163975
69;208.1324401905862;833.9886719226305;745.4388066691873;536.9358130283192;831.8982197994227;640.5778582467706;178.11362323012915;683.3437476861244;755.6126574576283;665.6648575702523;842.4163852167392;496.00362272798776;774.2058415617763;694.078194056885;748.1576377116813;828.2900393884563;306.0358271530389;877.7014638832526;524.7131872043745;150.2127761338243;492.2525748786117;1014.6505133035806;736.0755268048134;291.8224950941324;113.29273884903208;660.4851983094269;647.3516904016406;1001.0855189647158;262.14233984260926;50.05237736319413;393.58350278578894;337.7779208158062;336.87901030179086;217.6697609014417;489.8671762625247;610.9876679098046;245.60143270648803;88.39269687871237;90.3854169567062;133.64893166087836;567.8323361353773;559.8105655349373;553.5064147039482;537.6976565736184;514.9720794794346;533.0535747058176;497.1912541599799;489.86727810054725;445.6317057434565;429.1665297884031;425.0299753047571;408.3942281499334;406.3413913380843;405.6120482852031;397.6521350503278;382.6310882778371;374.0692974973833;370.6471703284489;365.9594047226325;353.1226862641963;333.22792596637686;310.94460663843535;203.02890516837263;190.81339226858185;190.603206069648;188.35361143744584;60.05023125244616;60.05023125244616;0.0;18.502650637676656;36.40529307278287;38.190964941802335
70;190.88780148207428;817.0131290466;729.3237826065268;518.6880970024148;814.4298691192869;624.1574460117637;160.49933188575142;665.133753890384;737.2996339404211;648.342053441771;823.9847264662478;477.7049352296568;760.1547089103661;679.5487678507553;734.0774207794707;811.3925201897353;291.8455286466292;860.3390998868156;509.5174484086269;137.8280565094741;474.0513027231005;996.18049389667;717.8405942005935;273.7585381854969;94.84982488681996;648.8117228344277;634.4523122392578;982.6179414768856;258.6825461652577;54.37476249425672;384.8743873998155;331.7645366548832;331.2754174087337;215.57818380026333;481.2905121380258;601.9637993415113;244.4681233206072;70.44252469499772;101.07336282134308;121.9013718089933;560.4651635855647;551.9805316863747;546.2569442234969;529.9658959258263;507.2770986357897;525.4660220477305;489.9206367004937;482.0500372342111;439.246285811583;422.34005732673575;419.2351856554793;401.7860003354829;401.5715362903813;400.8617658583708;392.3433263538325;377.06651192684046;368.76333903776464;365.6368511322159;361.4228443675236;348.6715461335964;327.60878165735346;306.10080103523467;201.9137997878082;189.2584497775684;190.35565013820136;189.1279768404032;75.63893629518472;75.63893629518472;18.502650637676656;0.0;25.914047840612582;40.48803511035428
71;194.10315143887289;819.5640380637236;734.6349493598117;515.1520525460519;815.0719613421439;628.6792149219104;146.07289830883232;652.8442787955277;732.9571824675671;632.0643486890878;813.776599978485;473.7693055804037;770.2728706724761;688.7512594315867;744.1574228627375;814.2193056688996;269.7085183807291;861.397654485569;488.698966101821;113.87275811045154;470.9647055438158;986.6016126679352;705.7074531487604;261.00683801639684;87.5761454124301;663.1183858828654;646.8042908417964;972.9896388310644;281.87968394447256;80.23985930971548;403.3614242490341;352.9541844547928;352.8007875126807;239.6452918032313;499.765692968291;619.8054657327807;268.9226186462425;59.62136283530024;125.64405199432116;97.44411814722773;580.1128076240395;571.1700538341427;566.0326219747532;549.2775541286367;526.6500881416466;544.927907480833;509.7333293462793;501.32815733370126;459.9402605846141;442.65902937975983;440.4616371234284;422.3342642089799;423.62833127851394;422.93403651820427;413.9996600069761;398.5419822250485;390.4572797568555;387.5635255574412;383.7062251371273;371.035831109222;349.1291450471167;328.26003412016365;226.4673449835992;213.6550352079285;215.2783440666448;214.38787902237337;96.36082529057136;96.36082529057136;36.40529307278287;25.914047840612582;0.0;26.24853929460776
72;220.34894662377064;845.7049503764237;760.8796775035605;540.1440031557796;840.9721552993614;654.9263259367182;166.635072572142;673.4073949228584;757.6033321019395;649.306349981208;835.6198015640642;498.6590747793728;795.9620195662848;714.6165125769022;769.8527120288725;840.38398365734;280.1485081453677;887.3583141531514;500.6079867157665;122.462735605199;496.1126607021573;1008.7606255475008;726.3456060825285;281.9291408103217;112.58476344801912;687.4211590356366;671.8634416859295;995.123643733428;298.446884767843;88.20972843626465;425.1313768587379;372.2040246222909;371.660782094846;254.67885525725683;521.5593303402158;642.0834117835063;283.0406508124919;84.06155496483713;126.22229237155388;105.16693558458124;600.9262347126748;592.3884352144963;586.7275280477546;570.3892154248566;547.706858277415;565.9072508552254;530.3919530582473;522.4657572648393;479.7236651545883;462.8280753630087;459.65903002389376;442.2710038149112;441.8033369394449;441.0886394709047;432.6888848926512;417.4531833395369;409.1045677027876;405.91754289376826;401.5859835324827;388.8077433953756;367.9958799315789;346.3280818851197;240.4405232395588;228.03515398249635;228.2990423557132;226.30926648903232;90.72109201163975;90.72109201163975;38.190964941802335;40.48803511035428;26.24853929460776;0.0
